{
  "html-webpack-plugin for \"index.html\"": [
    {
      "modules": {
        "byIdentifier": {
          "node_modules/html-webpack-plugin/lib/loader.js!static/template.html": 0,
          "node_modules/lodash/lodash.js": 1,
          "node_modules/webpack/buildin/global.js": 2,
          "node_modules/webpack/buildin/module.js": 3
        },
        "usedIds": {
          "0": 0,
          "1": 1,
          "2": 2,
          "3": 3
        }
      },
      "chunks": {
        "byName": {},
        "bySource": {},
        "usedIds": [
          1
        ]
      }
    }
  ],
  "mini-css-extract-plugin node_modules/css-loader/index.js!node_modules/postcss-loader/src/index.js??postcss!source/theme/init.css": [
    {
      "modules": {
        "byIdentifier": {
          "node_modules/css-loader/index.js!node_modules/postcss-loader/src/index.js??postcss!source/theme/init.css": 0,
          "node_modules/css-loader/lib/css-base.js": 1
        },
        "usedIds": {
          "0": 0,
          "1": 1
        }
      },
      "chunks": {
        "byName": {
          "mini-css-extract-plugin": 0
        },
        "bySource": {},
        "usedIds": [
          0
        ]
      }
    }
  ],
  "modules": {
    "byIdentifier": {
      "node_modules/react/index.js": 0,
      "node_modules/object-assign/index.js": 1,
      "node_modules/react-dom/index.js": 2,
      "node_modules/babel-loader/lib/index.js!source/index.js": 3,
      "node_modules/react/cjs/react.production.min.js": 4,
      "node_modules/react-dom/cjs/react-dom.production.min.js": 5,
      "node_modules/schedule/index.js": 6,
      "node_modules/schedule/cjs/schedule.production.min.js": 7,
      "node_modules/mini-css-extract-plugin/dist/loader.js!node_modules/css-loader/index.js!node_modules/postcss-loader/src/index.js??postcss!source/theme/init.css": 8,
      "node_modules/babel-loader/lib/index.js!source/test.js": 9,
      "node_modules/react-hot-loader/index.js": 10,
      "node_modules/webpack/buildin/harmony-module.js": 11,
      "node_modules/react-hot-loader/dist/react-hot-loader.production.min.js": 12
    },
    "usedIds": {
      "0": 0,
      "1": 1,
      "2": 2,
      "3": 3,
      "4": 4,
      "5": 5,
      "6": 6,
      "7": 7,
      "8": 8,
      "9": 9,
      "10": 10,
      "11": 11,
      "12": 12
    }
  },
  "chunks": {
    "byName": {
      "main": 0
    },
    "bySource": {},
    "usedIds": [
      0
    ]
  }
}